{"cameraMode":{"drawMode":0,"name":"Shaded","section":"Shading Mode"},"sceneLighting":false,"audioPlay":false,"sceneViewState":{"m_AlwaysRefresh":false,"showFog":true,"showSkybox":false,"showFlares":true,"showImageEffects":true,"showParticleSystems":true,"showVisualEffectGraphs":true,"m_FxEnabled":true},"in2DMode":false,"pivot":{"x":-0.0050000399351119999,"y":0.14000001549720765,"z":0.8798750042915344},"rotation":{"x":0.06228018179535866,"y":0.8000702261924744,"z":-0.08429799973964691,"w":0.5907250046730042},"size":0.9058939218521118,"orthographic":false}