{"cameraMode":{"drawMode":0,"name":"Shaded","section":"Shading Mode"},"sceneLighting":false,"audioPlay":false,"sceneViewState":{"m_AlwaysRefresh":false,"showFog":true,"showSkybox":false,"showFlares":true,"showImageEffects":true,"showParticleSystems":true,"showVisualEffectGraphs":true,"m_FxEnabled":true},"in2DMode":false,"pivot":{"x":0.0019192472100257874,"y":0.000023544766008853912,"z":7.688067853450775e-7},"rotation":{"x":-0.008481418713927269,"y":0.9877598285675049,"z":-0.14474137127399445,"w":-0.05784893408417702},"size":0.013862628489732743,"orthographic":false}