{"cameraMode":{"drawMode":0,"name":"Shaded","section":"Shading Mode"},"sceneLighting":false,"audioPlay":false,"sceneViewState":{"m_AlwaysRefresh":false,"showFog":true,"showSkybox":false,"showFlares":true,"showImageEffects":true,"showParticleSystems":true,"showVisualEffectGraphs":true,"m_FxEnabled":true},"in2DMode":false,"pivot":{"x":0.5736064910888672,"y":2.356255054473877,"z":-0.7040330171585083},"rotation":{"x":-0.09733223170042038,"y":-0.4938787817955017,"z":0.055961016565561298,"w":-0.8623687624931336},"size":12.825977325439454,"orthographic":false}