{"cameraMode":{"drawMode":0,"name":"Shaded","section":"Shading Mode"},"sceneLighting":false,"audioPlay":false,"sceneViewState":{"m_AlwaysRefresh":false,"showFog":true,"showSkybox":false,"showFlares":true,"showImageEffects":true,"showParticleSystems":true,"showVisualEffectGraphs":true,"m_FxEnabled":true},"in2DMode":false,"pivot":{"x":0.0472242534160614,"y":0.9270312786102295,"z":0.03364211320877075},"rotation":{"x":0.06228018179535866,"y":0.8000702261924744,"z":-0.08429799973964691,"w":0.5907250046730042},"size":3.39678692817688,"orthographic":false}