{"cameraMode":{"drawMode":0,"name":"Shaded","section":"Shading Mode"},"sceneLighting":false,"audioPlay":false,"sceneViewState":{"m_AlwaysRefresh":false,"showFog":true,"showSkybox":false,"showFlares":true,"showImageEffects":true,"showParticleSystems":true,"showVisualEffectGraphs":true,"m_FxEnabled":true},"in2DMode":false,"pivot":{"x":0.5736064910888672,"y":2.356255054473877,"z":-0.7040330171585083},"rotation":{"x":-0.04518311843276024,"y":-0.23126651346683503,"z":0.010932127945125103,"w":-0.9718800187110901},"size":0.2097192108631134,"orthographic":false}